id,name,file,cluster
90,send_reset_token,/content/drive/MyDrive/ProjectsforFinalproject/flaskbb/flaskbb/email.py,0
91,send_activation_token,/content/drive/MyDrive/ProjectsforFinalproject/flaskbb/flaskbb/email.py,0
92,send_async_email,/content/drive/MyDrive/ProjectsforFinalproject/flaskbb/flaskbb/email.py,0
93,send_email,/content/drive/MyDrive/ProjectsforFinalproject/flaskbb/flaskbb/email.py,3
97,parse_user_link,/content/drive/MyDrive/ProjectsforFinalproject/flaskbb/flaskbb/markup.py,2
98,plugin_userify,/content/drive/MyDrive/ProjectsforFinalproject/flaskbb/flaskbb/markup.py,2
100,flaskbb_load_post_markdown_class,/content/drive/MyDrive/ProjectsforFinalproject/flaskbb/flaskbb/markup.py,5
101,flaskbb_load_nonpost_markdown_class,/content/drive/MyDrive/ProjectsforFinalproject/flaskbb/flaskbb/markup.py,5
102,flaskbb_jinja_directives,/content/drive/MyDrive/ProjectsforFinalproject/flaskbb/flaskbb/markup.py,2
103,make_renderer,/content/drive/MyDrive/ProjectsforFinalproject/flaskbb/flaskbb/markup.py,5
104,__init__,/content/drive/MyDrive/ProjectsforFinalproject/flaskbb/flaskbb/markup.py,3
105,block_code,/content/drive/MyDrive/ProjectsforFinalproject/flaskbb/flaskbb/markup.py,5
109,deprecated,/content/drive/MyDrive/ProjectsforFinalproject/flaskbb/flaskbb/deprecation.py,3
110,deprecation_decorator,/content/drive/MyDrive/ProjectsforFinalproject/flaskbb/flaskbb/deprecation.py,2
111,wrapper,/content/drive/MyDrive/ProjectsforFinalproject/flaskbb/flaskbb/deprecation.py,0
112,create_app,/content/drive/MyDrive/ProjectsforFinalproject/flaskbb/flaskbb/app.py,4
113,configure_app,/content/drive/MyDrive/ProjectsforFinalproject/flaskbb/flaskbb/app.py,6
114,configure_celery_app,/content/drive/MyDrive/ProjectsforFinalproject/flaskbb/flaskbb/app.py,6
115,configure_blueprints,/content/drive/MyDrive/ProjectsforFinalproject/flaskbb/flaskbb/app.py,6
116,configure_extensions,/content/drive/MyDrive/ProjectsforFinalproject/flaskbb/flaskbb/app.py,6
117,configure_template_filters,/content/drive/MyDrive/ProjectsforFinalproject/flaskbb/flaskbb/app.py,6
118,configure_context_processors,/content/drive/MyDrive/ProjectsforFinalproject/flaskbb/flaskbb/app.py,6
119,configure_before_handlers,/content/drive/MyDrive/ProjectsforFinalproject/flaskbb/flaskbb/app.py,6
120,configure_errorhandlers,/content/drive/MyDrive/ProjectsforFinalproject/flaskbb/flaskbb/app.py,6
121,configure_migrations,/content/drive/MyDrive/ProjectsforFinalproject/flaskbb/flaskbb/app.py,6
122,configure_translations,/content/drive/MyDrive/ProjectsforFinalproject/flaskbb/flaskbb/app.py,6
123,configure_logging,/content/drive/MyDrive/ProjectsforFinalproject/flaskbb/flaskbb/app.py,6
124,configure_default_logging,/content/drive/MyDrive/ProjectsforFinalproject/flaskbb/flaskbb/app.py,6
125,configure_mail_logs,/content/drive/MyDrive/ProjectsforFinalproject/flaskbb/flaskbb/app.py,6
126,load_plugins,/content/drive/MyDrive/ProjectsforFinalproject/flaskbb/flaskbb/app.py,6
128,load_user,/content/drive/MyDrive/ProjectsforFinalproject/flaskbb/flaskbb/app.py,6
129,inject_flaskbb_config,/content/drive/MyDrive/ProjectsforFinalproject/flaskbb/flaskbb/app.py,6
130,inject_now,/content/drive/MyDrive/ProjectsforFinalproject/flaskbb/flaskbb/app.py,6
131,update_lastseen,/content/drive/MyDrive/ProjectsforFinalproject/flaskbb/flaskbb/app.py,6
132,forbidden_page,/content/drive/MyDrive/ProjectsforFinalproject/flaskbb/flaskbb/app.py,6
133,page_not_found,/content/drive/MyDrive/ProjectsforFinalproject/flaskbb/flaskbb/app.py,6
134,server_error_page,/content/drive/MyDrive/ProjectsforFinalproject/flaskbb/flaskbb/app.py,6
135,get_locale,/content/drive/MyDrive/ProjectsforFinalproject/flaskbb/flaskbb/app.py,6
136,__call__,/content/drive/MyDrive/ProjectsforFinalproject/flaskbb/flaskbb/app.py,5
137,mark_current_user_online,/content/drive/MyDrive/ProjectsforFinalproject/flaskbb/flaskbb/app.py,6
138,before_cursor_execute,/content/drive/MyDrive/ProjectsforFinalproject/flaskbb/flaskbb/app.py,6
139,after_cursor_execute,/content/drive/MyDrive/ProjectsforFinalproject/flaskbb/flaskbb/app.py,5
142,populate_settings_dict,/content/drive/MyDrive/ProjectsforFinalproject/flaskbb/flaskbb/utils/forms.py,5
143,populate_settings_form,/content/drive/MyDrive/ProjectsforFinalproject/flaskbb/flaskbb/utils/forms.py,5
144,generate_settings_form,/content/drive/MyDrive/ProjectsforFinalproject/flaskbb/flaskbb/utils/forms.py,2
145,populate_errors,/content/drive/MyDrive/ProjectsforFinalproject/flaskbb/flaskbb/utils/forms.py,3
147,to_bytes,/content/drive/MyDrive/ProjectsforFinalproject/flaskbb/flaskbb/utils/helpers.py,5
148,to_unicode,/content/drive/MyDrive/ProjectsforFinalproject/flaskbb/flaskbb/utils/helpers.py,5
149,slugify,/content/drive/MyDrive/ProjectsforFinalproject/flaskbb/flaskbb/utils/helpers.py,5
150,redirect_url,/content/drive/MyDrive/ProjectsforFinalproject/flaskbb/flaskbb/utils/helpers.py,5
151,redirect_or_next,/content/drive/MyDrive/ProjectsforFinalproject/flaskbb/flaskbb/utils/helpers.py,5
152,render_template,/content/drive/MyDrive/ProjectsforFinalproject/flaskbb/flaskbb/utils/helpers.py,3
153,do_topic_action,/content/drive/MyDrive/ProjectsforFinalproject/flaskbb/flaskbb/utils/helpers.py,5
154,get_categories_and_forums,/content/drive/MyDrive/ProjectsforFinalproject/flaskbb/flaskbb/utils/helpers.py,5
155,get_forums,/content/drive/MyDrive/ProjectsforFinalproject/flaskbb/flaskbb/utils/helpers.py,5
156,forum_is_unread,/content/drive/MyDrive/ProjectsforFinalproject/flaskbb/flaskbb/utils/helpers.py,1
157,topic_is_unread,/content/drive/MyDrive/ProjectsforFinalproject/flaskbb/flaskbb/utils/helpers.py,5
158,mark_online,/content/drive/MyDrive/ProjectsforFinalproject/flaskbb/flaskbb/utils/helpers.py,5
159,get_online_users,/content/drive/MyDrive/ProjectsforFinalproject/flaskbb/flaskbb/utils/helpers.py,5
160,crop_title,/content/drive/MyDrive/ProjectsforFinalproject/flaskbb/flaskbb/utils/helpers.py,1
161,is_online,/content/drive/MyDrive/ProjectsforFinalproject/flaskbb/flaskbb/utils/helpers.py,0
162,time_utcnow,/content/drive/MyDrive/ProjectsforFinalproject/flaskbb/flaskbb/utils/helpers.py,5
163,time_diff,/content/drive/MyDrive/ProjectsforFinalproject/flaskbb/flaskbb/utils/helpers.py,5
164,_get_user_locale,/content/drive/MyDrive/ProjectsforFinalproject/flaskbb/flaskbb/utils/helpers.py,5
165,_format_html_time_tag,/content/drive/MyDrive/ProjectsforFinalproject/flaskbb/flaskbb/utils/helpers.py,5
166,format_datetime,/content/drive/MyDrive/ProjectsforFinalproject/flaskbb/flaskbb/utils/helpers.py,1
167,format_date,/content/drive/MyDrive/ProjectsforFinalproject/flaskbb/flaskbb/utils/helpers.py,1
168,format_time,/content/drive/MyDrive/ProjectsforFinalproject/flaskbb/flaskbb/utils/helpers.py,1
169,format_timedelta,/content/drive/MyDrive/ProjectsforFinalproject/flaskbb/flaskbb/utils/helpers.py,5
170,time_since,/content/drive/MyDrive/ProjectsforFinalproject/flaskbb/flaskbb/utils/helpers.py,0
171,format_quote,/content/drive/MyDrive/ProjectsforFinalproject/flaskbb/flaskbb/utils/helpers.py,5
172,get_image_info,/content/drive/MyDrive/ProjectsforFinalproject/flaskbb/flaskbb/utils/helpers.py,5
173,check_image,/content/drive/MyDrive/ProjectsforFinalproject/flaskbb/flaskbb/utils/helpers.py,3
174,get_alembic_locations,/content/drive/MyDrive/ProjectsforFinalproject/flaskbb/flaskbb/utils/helpers.py,6
175,get_available_themes,/content/drive/MyDrive/ProjectsforFinalproject/flaskbb/flaskbb/utils/helpers.py,7
176,get_available_languages,/content/drive/MyDrive/ProjectsforFinalproject/flaskbb/flaskbb/utils/helpers.py,5
177,app_config_from_env,/content/drive/MyDrive/ProjectsforFinalproject/flaskbb/flaskbb/utils/helpers.py,6
178,get_flaskbb_config,/content/drive/MyDrive/ProjectsforFinalproject/flaskbb/flaskbb/utils/helpers.py,6
180,real,/content/drive/MyDrive/ProjectsforFinalproject/flaskbb/flaskbb/utils/helpers.py,5
181,parse_pkg_metadata,/content/drive/MyDrive/ProjectsforFinalproject/flaskbb/flaskbb/utils/helpers.py,2
182,anonymous_required,/content/drive/MyDrive/ProjectsforFinalproject/flaskbb/flaskbb/utils/helpers.py,1
183,enforce_recaptcha,/content/drive/MyDrive/ProjectsforFinalproject/flaskbb/flaskbb/utils/helpers.py,5
184,registration_enabled,/content/drive/MyDrive/ProjectsforFinalproject/flaskbb/flaskbb/utils/helpers.py,1
185,requires_unactivated,/content/drive/MyDrive/ProjectsforFinalproject/flaskbb/flaskbb/utils/helpers.py,1
186,register_view,/content/drive/MyDrive/ProjectsforFinalproject/flaskbb/flaskbb/utils/helpers.py,3
188,__init__,/content/drive/MyDrive/ProjectsforFinalproject/flaskbb/flaskbb/utils/helpers.py,1
189,__call__,/content/drive/MyDrive/ProjectsforFinalproject/flaskbb/flaskbb/utils/helpers.py,5
190,wrapper,/content/drive/MyDrive/ProjectsforFinalproject/flaskbb/flaskbb/utils/helpers.py,1
191,wrapper,/content/drive/MyDrive/ProjectsforFinalproject/flaskbb/flaskbb/utils/helpers.py,1
192,wrapper,/content/drive/MyDrive/ProjectsforFinalproject/flaskbb/flaskbb/utils/helpers.py,1
193,__init__,/content/drive/MyDrive/ProjectsforFinalproject/flaskbb/flaskbb/utils/helpers.py,1
194,__call__,/content/drive/MyDrive/ProjectsforFinalproject/flaskbb/flaskbb/utils/helpers.py,5
196,__init__,/content/drive/MyDrive/ProjectsforFinalproject/flaskbb/flaskbb/utils/datastructures.py,7
197,__unicode__,/content/drive/MyDrive/ProjectsforFinalproject/flaskbb/flaskbb/utils/datastructures.py,2
198,__str__,/content/drive/MyDrive/ProjectsforFinalproject/flaskbb/flaskbb/utils/datastructures.py,2
199,make_comparable,/content/drive/MyDrive/ProjectsforFinalproject/flaskbb/flaskbb/utils/database.py,7
205,try_commit,/content/drive/MyDrive/ProjectsforFinalproject/flaskbb/flaskbb/utils/database.py,3
206,__eq__,/content/drive/MyDrive/ProjectsforFinalproject/flaskbb/flaskbb/utils/database.py,2
207,__ne__,/content/drive/MyDrive/ProjectsforFinalproject/flaskbb/flaskbb/utils/database.py,7
208,__hash__,/content/drive/MyDrive/ProjectsforFinalproject/flaskbb/flaskbb/utils/database.py,7
209,__repr__,/content/drive/MyDrive/ProjectsforFinalproject/flaskbb/flaskbb/utils/database.py,2
210,create,/content/drive/MyDrive/ProjectsforFinalproject/flaskbb/flaskbb/utils/database.py,4
211,save,/content/drive/MyDrive/ProjectsforFinalproject/flaskbb/flaskbb/utils/database.py,2
212,delete,/content/drive/MyDrive/ProjectsforFinalproject/flaskbb/flaskbb/utils/database.py,3
213,process_bind_param,/content/drive/MyDrive/ProjectsforFinalproject/flaskbb/flaskbb/utils/database.py,7
214,process_result_value,/content/drive/MyDrive/ProjectsforFinalproject/flaskbb/flaskbb/utils/database.py,2
215,__new__,/content/drive/MyDrive/ProjectsforFinalproject/flaskbb/flaskbb/utils/database.py,2
216,__init__,/content/drive/MyDrive/ProjectsforFinalproject/flaskbb/flaskbb/utils/database.py,7
217,with_hidden,/content/drive/MyDrive/ProjectsforFinalproject/flaskbb/flaskbb/utils/database.py,5
218,_get,/content/drive/MyDrive/ProjectsforFinalproject/flaskbb/flaskbb/utils/database.py,2
219,get,/content/drive/MyDrive/ProjectsforFinalproject/flaskbb/flaskbb/utils/database.py,2
220,hidden_by_id,/content/drive/MyDrive/ProjectsforFinalproject/flaskbb/flaskbb/utils/database.py,7
221,hidden_by,/content/drive/MyDrive/ProjectsforFinalproject/flaskbb/flaskbb/utils/database.py,7
222,hide,/content/drive/MyDrive/ProjectsforFinalproject/flaskbb/flaskbb/utils/database.py,5
223,unhide,/content/drive/MyDrive/ProjectsforFinalproject/flaskbb/flaskbb/utils/database.py,5
225,__init__,/content/drive/MyDrive/ProjectsforFinalproject/flaskbb/flaskbb/utils/views.py,7
226,dispatch_request,/content/drive/MyDrive/ProjectsforFinalproject/flaskbb/flaskbb/utils/views.py,3
228,update_translations,/content/drive/MyDrive/ProjectsforFinalproject/flaskbb/flaskbb/utils/translations.py,2
229,add_translations,/content/drive/MyDrive/ProjectsforFinalproject/flaskbb/flaskbb/utils/translations.py,2
230,compile_translations,/content/drive/MyDrive/ProjectsforFinalproject/flaskbb/flaskbb/utils/translations.py,4
231,add_plugin_translations,/content/drive/MyDrive/ProjectsforFinalproject/flaskbb/flaskbb/utils/translations.py,2
232,update_plugin_translations,/content/drive/MyDrive/ProjectsforFinalproject/flaskbb/flaskbb/utils/translations.py,2
233,compile_plugin_translations,/content/drive/MyDrive/ProjectsforFinalproject/flaskbb/flaskbb/utils/translations.py,2
234,__init__,/content/drive/MyDrive/ProjectsforFinalproject/flaskbb/flaskbb/utils/translations.py,7
235,get_translations,/content/drive/MyDrive/ProjectsforFinalproject/flaskbb/flaskbb/utils/translations.py,2
236,delete_settings_from_fixture,/content/drive/MyDrive/ProjectsforFinalproject/flaskbb/flaskbb/utils/populate.py,7
237,create_settings_from_fixture,/content/drive/MyDrive/ProjectsforFinalproject/flaskbb/flaskbb/utils/populate.py,4
238,update_settings_from_fixture,/content/drive/MyDrive/ProjectsforFinalproject/flaskbb/flaskbb/utils/populate.py,4
239,create_default_settings,/content/drive/MyDrive/ProjectsforFinalproject/flaskbb/flaskbb/utils/populate.py,4
240,create_default_groups,/content/drive/MyDrive/ProjectsforFinalproject/flaskbb/flaskbb/utils/populate.py,4
241,create_user,/content/drive/MyDrive/ProjectsforFinalproject/flaskbb/flaskbb/utils/populate.py,2
242,update_user,/content/drive/MyDrive/ProjectsforFinalproject/flaskbb/flaskbb/utils/populate.py,2
243,create_welcome_forum,/content/drive/MyDrive/ProjectsforFinalproject/flaskbb/flaskbb/utils/populate.py,4
244,create_test_data,/content/drive/MyDrive/ProjectsforFinalproject/flaskbb/flaskbb/utils/populate.py,4
245,insert_bulk_data,/content/drive/MyDrive/ProjectsforFinalproject/flaskbb/flaskbb/utils/populate.py,4
246,create_latest_db,/content/drive/MyDrive/ProjectsforFinalproject/flaskbb/flaskbb/utils/populate.py,4
247,has_migrations,/content/drive/MyDrive/ProjectsforFinalproject/flaskbb/flaskbb/utils/populate.py,4
248,run_plugin_migrations,/content/drive/MyDrive/ProjectsforFinalproject/flaskbb/flaskbb/utils/populate.py,4
249,_urlparse,/content/drive/MyDrive/ProjectsforFinalproject/flaskbb/flaskbb/utils/http.py,5
250,_urlsplit,/content/drive/MyDrive/ProjectsforFinalproject/flaskbb/flaskbb/utils/http.py,5
251,_url_has_allowed_host_and_scheme,/content/drive/MyDrive/ProjectsforFinalproject/flaskbb/flaskbb/utils/http.py,5
252,is_safe_url,/content/drive/MyDrive/ProjectsforFinalproject/flaskbb/flaskbb/utils/http.py,5
256,__init__,/content/drive/MyDrive/ProjectsforFinalproject/flaskbb/flaskbb/utils/fields.py,0
257,__call__,/content/drive/MyDrive/ProjectsforFinalproject/flaskbb/flaskbb/utils/fields.py,7
258,_validate_recaptcha,/content/drive/MyDrive/ProjectsforFinalproject/flaskbb/flaskbb/utils/fields.py,5
259,recaptcha_html,/content/drive/MyDrive/ProjectsforFinalproject/flaskbb/flaskbb/utils/fields.py,5
260,__call__,/content/drive/MyDrive/ProjectsforFinalproject/flaskbb/flaskbb/utils/fields.py,0
261,__init__,/content/drive/MyDrive/ProjectsforFinalproject/flaskbb/flaskbb/utils/fields.py,5
263,__init__,/content/drive/MyDrive/ProjectsforFinalproject/flaskbb/flaskbb/utils/settings.py,2
264,__getitem__,/content/drive/MyDrive/ProjectsforFinalproject/flaskbb/flaskbb/utils/settings.py,2
265,__setitem__,/content/drive/MyDrive/ProjectsforFinalproject/flaskbb/flaskbb/utils/settings.py,2
266,__delitem__,/content/drive/MyDrive/ProjectsforFinalproject/flaskbb/flaskbb/utils/settings.py,2
267,__iter__,/content/drive/MyDrive/ProjectsforFinalproject/flaskbb/flaskbb/utils/settings.py,2
268,__len__,/content/drive/MyDrive/ProjectsforFinalproject/flaskbb/flaskbb/utils/settings.py,2
276,IsAtleastModeratorInForum,/content/drive/MyDrive/ProjectsforFinalproject/flaskbb/flaskbb/utils/requirements.py,5
277,permission_with_identity,/content/drive/MyDrive/ProjectsforFinalproject/flaskbb/flaskbb/utils/requirements.py,5
278,has_permission,/content/drive/MyDrive/ProjectsforFinalproject/flaskbb/flaskbb/utils/requirements.py,1
279,can_moderate,/content/drive/MyDrive/ProjectsforFinalproject/flaskbb/flaskbb/utils/requirements.py,1
280,can_post_reply,/content/drive/MyDrive/ProjectsforFinalproject/flaskbb/flaskbb/utils/requirements.py,1
281,can_edit_post,/content/drive/MyDrive/ProjectsforFinalproject/flaskbb/flaskbb/utils/requirements.py,1
282,can_post_topic,/content/drive/MyDrive/ProjectsforFinalproject/flaskbb/flaskbb/utils/requirements.py,1
283,can_delete_topic,/content/drive/MyDrive/ProjectsforFinalproject/flaskbb/flaskbb/utils/requirements.py,1
284,__init__,/content/drive/MyDrive/ProjectsforFinalproject/flaskbb/flaskbb/utils/requirements.py,1
285,__repr__,/content/drive/MyDrive/ProjectsforFinalproject/flaskbb/flaskbb/utils/requirements.py,0
286,fulfill,/content/drive/MyDrive/ProjectsforFinalproject/flaskbb/flaskbb/utils/requirements.py,1
287,fulfill,/content/drive/MyDrive/ProjectsforFinalproject/flaskbb/flaskbb/utils/requirements.py,1
288,__init__,/content/drive/MyDrive/ProjectsforFinalproject/flaskbb/flaskbb/utils/requirements.py,1
289,fulfill,/content/drive/MyDrive/ProjectsforFinalproject/flaskbb/flaskbb/utils/requirements.py,1
290,_user_is_forum_moderator,/content/drive/MyDrive/ProjectsforFinalproject/flaskbb/flaskbb/utils/requirements.py,5
291,_get_forum_moderators,/content/drive/MyDrive/ProjectsforFinalproject/flaskbb/flaskbb/utils/requirements.py,5
292,_get_forum,/content/drive/MyDrive/ProjectsforFinalproject/flaskbb/flaskbb/utils/requirements.py,5
293,_get_forum_from_id,/content/drive/MyDrive/ProjectsforFinalproject/flaskbb/flaskbb/utils/requirements.py,5
294,_get_forum_from_request,/content/drive/MyDrive/ProjectsforFinalproject/flaskbb/flaskbb/utils/requirements.py,1
295,__init__,/content/drive/MyDrive/ProjectsforFinalproject/flaskbb/flaskbb/utils/requirements.py,1
296,fulfill,/content/drive/MyDrive/ProjectsforFinalproject/flaskbb/flaskbb/utils/requirements.py,1
297,_determine_user,/content/drive/MyDrive/ProjectsforFinalproject/flaskbb/flaskbb/utils/requirements.py,5
298,_get_user_id_from_post,/content/drive/MyDrive/ProjectsforFinalproject/flaskbb/flaskbb/utils/requirements.py,5
299,__init__,/content/drive/MyDrive/ProjectsforFinalproject/flaskbb/flaskbb/utils/requirements.py,0
300,fulfill,/content/drive/MyDrive/ProjectsforFinalproject/flaskbb/flaskbb/utils/requirements.py,1
301,_determine_locked,/content/drive/MyDrive/ProjectsforFinalproject/flaskbb/flaskbb/utils/requirements.py,5
302,_get_topic_from_request,/content/drive/MyDrive/ProjectsforFinalproject/flaskbb/flaskbb/utils/requirements.py,5
303,__init__,/content/drive/MyDrive/ProjectsforFinalproject/flaskbb/flaskbb/utils/requirements.py,1
304,fulfill,/content/drive/MyDrive/ProjectsforFinalproject/flaskbb/flaskbb/utils/requirements.py,1
305,_is_forum_locked,/content/drive/MyDrive/ProjectsforFinalproject/flaskbb/flaskbb/utils/requirements.py,5
306,_determine_forum,/content/drive/MyDrive/ProjectsforFinalproject/flaskbb/flaskbb/utils/requirements.py,5
307,_get_forum_from_request,/content/drive/MyDrive/ProjectsforFinalproject/flaskbb/flaskbb/utils/requirements.py,5
308,fulfill,/content/drive/MyDrive/ProjectsforFinalproject/flaskbb/flaskbb/utils/requirements.py,5
309,_,/content/drive/MyDrive/ProjectsforFinalproject/flaskbb/flaskbb/utils/requirements.py,5
310,_,/content/drive/MyDrive/ProjectsforFinalproject/flaskbb/flaskbb/utils/requirements.py,3
315,update_post,/content/drive/MyDrive/ProjectsforFinalproject/flaskbb/flaskbb/utils/search.py,7
316,insert_post,/content/drive/MyDrive/ProjectsforFinalproject/flaskbb/flaskbb/utils/search.py,7
317,delete_post,/content/drive/MyDrive/ProjectsforFinalproject/flaskbb/flaskbb/utils/search.py,7
318,update_topic,/content/drive/MyDrive/ProjectsforFinalproject/flaskbb/flaskbb/utils/search.py,7
319,insert_topic,/content/drive/MyDrive/ProjectsforFinalproject/flaskbb/flaskbb/utils/search.py,7
320,delete_topic,/content/drive/MyDrive/ProjectsforFinalproject/flaskbb/flaskbb/utils/search.py,7
321,update_forum,/content/drive/MyDrive/ProjectsforFinalproject/flaskbb/flaskbb/utils/search.py,7
322,insert_forum,/content/drive/MyDrive/ProjectsforFinalproject/flaskbb/flaskbb/utils/search.py,7
323,delete_forum,/content/drive/MyDrive/ProjectsforFinalproject/flaskbb/flaskbb/utils/search.py,7
324,update_user,/content/drive/MyDrive/ProjectsforFinalproject/flaskbb/flaskbb/utils/search.py,7
325,insert_user,/content/drive/MyDrive/ProjectsforFinalproject/flaskbb/flaskbb/utils/search.py,7
326,delete_user,/content/drive/MyDrive/ProjectsforFinalproject/flaskbb/flaskbb/utils/search.py,7
331,as_change,/content/drive/MyDrive/ProjectsforFinalproject/flaskbb/flaskbb/user/forms.py,7
332,__init__,/content/drive/MyDrive/ProjectsforFinalproject/flaskbb/flaskbb/user/forms.py,7
333,as_change,/content/drive/MyDrive/ProjectsforFinalproject/flaskbb/flaskbb/user/forms.py,7
334,as_change,/content/drive/MyDrive/ProjectsforFinalproject/flaskbb/flaskbb/user/forms.py,7
335,validate_birthday,/content/drive/MyDrive/ProjectsforFinalproject/flaskbb/flaskbb/user/forms.py,7
336,as_change,/content/drive/MyDrive/ProjectsforFinalproject/flaskbb/flaskbb/user/forms.py,3
344,flaskbb_load_blueprints,/content/drive/MyDrive/ProjectsforFinalproject/flaskbb/flaskbb/user/views.py,5
345,get,/content/drive/MyDrive/ProjectsforFinalproject/flaskbb/flaskbb/user/views.py,1
346,post,/content/drive/MyDrive/ProjectsforFinalproject/flaskbb/flaskbb/user/views.py,1
347,render,/content/drive/MyDrive/ProjectsforFinalproject/flaskbb/flaskbb/user/views.py,1
348,redirect,/content/drive/MyDrive/ProjectsforFinalproject/flaskbb/flaskbb/user/views.py,1
349,get,/content/drive/MyDrive/ProjectsforFinalproject/flaskbb/flaskbb/user/views.py,1
350,post,/content/drive/MyDrive/ProjectsforFinalproject/flaskbb/flaskbb/user/views.py,1
351,render,/content/drive/MyDrive/ProjectsforFinalproject/flaskbb/flaskbb/user/views.py,1
352,redirect,/content/drive/MyDrive/ProjectsforFinalproject/flaskbb/flaskbb/user/views.py,1
353,get,/content/drive/MyDrive/ProjectsforFinalproject/flaskbb/flaskbb/user/views.py,1
354,post,/content/drive/MyDrive/ProjectsforFinalproject/flaskbb/flaskbb/user/views.py,1
355,render,/content/drive/MyDrive/ProjectsforFinalproject/flaskbb/flaskbb/user/views.py,1
356,redirect,/content/drive/MyDrive/ProjectsforFinalproject/flaskbb/flaskbb/user/views.py,1
357,get,/content/drive/MyDrive/ProjectsforFinalproject/flaskbb/flaskbb/user/views.py,1
358,post,/content/drive/MyDrive/ProjectsforFinalproject/flaskbb/flaskbb/user/views.py,1
359,render,/content/drive/MyDrive/ProjectsforFinalproject/flaskbb/flaskbb/user/views.py,3
360,redirect,/content/drive/MyDrive/ProjectsforFinalproject/flaskbb/flaskbb/user/views.py,3
361,get,/content/drive/MyDrive/ProjectsforFinalproject/flaskbb/flaskbb/user/views.py,1
362,get,/content/drive/MyDrive/ProjectsforFinalproject/flaskbb/flaskbb/user/views.py,1
363,get,/content/drive/MyDrive/ProjectsforFinalproject/flaskbb/flaskbb/user/views.py,3
367,__repr__,/content/drive/MyDrive/ProjectsforFinalproject/flaskbb/flaskbb/user/models.py,7
368,selectable_groups_choices,/content/drive/MyDrive/ProjectsforFinalproject/flaskbb/flaskbb/user/models.py,7
369,get_guest_group,/content/drive/MyDrive/ProjectsforFinalproject/flaskbb/flaskbb/user/models.py,5
370,get_member_group,/content/drive/MyDrive/ProjectsforFinalproject/flaskbb/flaskbb/user/models.py,4
371,is_active,/content/drive/MyDrive/ProjectsforFinalproject/flaskbb/flaskbb/user/models.py,7
372,last_post,/content/drive/MyDrive/ProjectsforFinalproject/flaskbb/flaskbb/user/models.py,7
373,url,/content/drive/MyDrive/ProjectsforFinalproject/flaskbb/flaskbb/user/models.py,7
374,permissions,/content/drive/MyDrive/ProjectsforFinalproject/flaskbb/flaskbb/user/models.py,7
375,groups,/content/drive/MyDrive/ProjectsforFinalproject/flaskbb/flaskbb/user/models.py,7
376,days_registered,/content/drive/MyDrive/ProjectsforFinalproject/flaskbb/flaskbb/user/models.py,7
377,topic_count,/content/drive/MyDrive/ProjectsforFinalproject/flaskbb/flaskbb/user/models.py,7
378,posts_per_day,/content/drive/MyDrive/ProjectsforFinalproject/flaskbb/flaskbb/user/models.py,7
379,topics_per_day,/content/drive/MyDrive/ProjectsforFinalproject/flaskbb/flaskbb/user/models.py,7
380,__repr__,/content/drive/MyDrive/ProjectsforFinalproject/flaskbb/flaskbb/user/models.py,7
381,_get_password,/content/drive/MyDrive/ProjectsforFinalproject/flaskbb/flaskbb/user/models.py,7
382,_set_password,/content/drive/MyDrive/ProjectsforFinalproject/flaskbb/flaskbb/user/models.py,7
383,check_password,/content/drive/MyDrive/ProjectsforFinalproject/flaskbb/flaskbb/user/models.py,3
384,authenticate,/content/drive/MyDrive/ProjectsforFinalproject/flaskbb/flaskbb/user/models.py,3
385,recalculate,/content/drive/MyDrive/ProjectsforFinalproject/flaskbb/flaskbb/user/models.py,4
386,all_topics,/content/drive/MyDrive/ProjectsforFinalproject/flaskbb/flaskbb/user/models.py,5
387,all_posts,/content/drive/MyDrive/ProjectsforFinalproject/flaskbb/flaskbb/user/models.py,3
388,track_topic,/content/drive/MyDrive/ProjectsforFinalproject/flaskbb/flaskbb/user/models.py,3
389,untrack_topic,/content/drive/MyDrive/ProjectsforFinalproject/flaskbb/flaskbb/user/models.py,3
390,is_tracking_topic,/content/drive/MyDrive/ProjectsforFinalproject/flaskbb/flaskbb/user/models.py,3
391,add_to_group,/content/drive/MyDrive/ProjectsforFinalproject/flaskbb/flaskbb/user/models.py,3
392,remove_from_group,/content/drive/MyDrive/ProjectsforFinalproject/flaskbb/flaskbb/user/models.py,3
393,in_group,/content/drive/MyDrive/ProjectsforFinalproject/flaskbb/flaskbb/user/models.py,3
394,get_groups,/content/drive/MyDrive/ProjectsforFinalproject/flaskbb/flaskbb/user/models.py,7
395,get_permissions,/content/drive/MyDrive/ProjectsforFinalproject/flaskbb/flaskbb/user/models.py,7
396,invalidate_cache,/content/drive/MyDrive/ProjectsforFinalproject/flaskbb/flaskbb/user/models.py,7
397,ban,/content/drive/MyDrive/ProjectsforFinalproject/flaskbb/flaskbb/user/models.py,5
398,unban,/content/drive/MyDrive/ProjectsforFinalproject/flaskbb/flaskbb/user/models.py,3
399,save,/content/drive/MyDrive/ProjectsforFinalproject/flaskbb/flaskbb/user/models.py,7
400,delete,/content/drive/MyDrive/ProjectsforFinalproject/flaskbb/flaskbb/user/models.py,7
401,permissions,/content/drive/MyDrive/ProjectsforFinalproject/flaskbb/flaskbb/user/models.py,7
402,groups,/content/drive/MyDrive/ProjectsforFinalproject/flaskbb/flaskbb/user/models.py,7
403,get_groups,/content/drive/MyDrive/ProjectsforFinalproject/flaskbb/flaskbb/user/models.py,3
404,get_permissions,/content/drive/MyDrive/ProjectsforFinalproject/flaskbb/flaskbb/user/models.py,3
405,invalidate_cache,/content/drive/MyDrive/ProjectsforFinalproject/flaskbb/flaskbb/user/models.py,3
406,flaskbb_tpl_profile_settings_menu,/content/drive/MyDrive/ProjectsforFinalproject/flaskbb/flaskbb/user/plugins.py,0
407,flaskbb_tpl_profile_links,/content/drive/MyDrive/ProjectsforFinalproject/flaskbb/flaskbb/user/plugins.py,0
408,flaskbb_gather_password_validators,/content/drive/MyDrive/ProjectsforFinalproject/flaskbb/flaskbb/user/plugins.py,0
409,flaskbb_gather_email_validators,/content/drive/MyDrive/ProjectsforFinalproject/flaskbb/flaskbb/user/plugins.py,2
410,flaskbb_gather_details_update_validators,/content/drive/MyDrive/ProjectsforFinalproject/flaskbb/flaskbb/user/plugins.py,2
415,apply_changeset,/content/drive/MyDrive/ProjectsforFinalproject/flaskbb/flaskbb/user/services/update.py,0
416,apply_changeset,/content/drive/MyDrive/ProjectsforFinalproject/flaskbb/flaskbb/user/services/update.py,0
417,apply_changeset,/content/drive/MyDrive/ProjectsforFinalproject/flaskbb/flaskbb/user/services/update.py,0
418,apply_changeset,/content/drive/MyDrive/ProjectsforFinalproject/flaskbb/flaskbb/user/services/update.py,3
425,validate,/content/drive/MyDrive/ProjectsforFinalproject/flaskbb/flaskbb/user/services/validators.py,0
426,validate,/content/drive/MyDrive/ProjectsforFinalproject/flaskbb/flaskbb/user/services/validators.py,0
427,validate,/content/drive/MyDrive/ProjectsforFinalproject/flaskbb/flaskbb/user/services/validators.py,0
428,validate,/content/drive/MyDrive/ProjectsforFinalproject/flaskbb/flaskbb/user/services/validators.py,0
429,validate,/content/drive/MyDrive/ProjectsforFinalproject/flaskbb/flaskbb/user/services/validators.py,0
430,validate,/content/drive/MyDrive/ProjectsforFinalproject/flaskbb/flaskbb/user/services/validators.py,3
431,details_update_factory,/content/drive/MyDrive/ProjectsforFinalproject/flaskbb/flaskbb/user/services/factories.py,0
432,password_update_handler,/content/drive/MyDrive/ProjectsforFinalproject/flaskbb/flaskbb/user/services/factories.py,0
433,email_update_handler,/content/drive/MyDrive/ProjectsforFinalproject/flaskbb/flaskbb/user/services/factories.py,0
434,settings_update_handler,/content/drive/MyDrive/ProjectsforFinalproject/flaskbb/flaskbb/user/services/factories.py,0
435,settings_form_factory,/content/drive/MyDrive/ProjectsforFinalproject/flaskbb/flaskbb/user/services/factories.py,0
436,change_password_form_factory,/content/drive/MyDrive/ProjectsforFinalproject/flaskbb/flaskbb/user/services/factories.py,0
437,change_email_form_factory,/content/drive/MyDrive/ProjectsforFinalproject/flaskbb/flaskbb/user/services/factories.py,0
438,change_details_form_factory,/content/drive/MyDrive/ProjectsforFinalproject/flaskbb/flaskbb/user/services/factories.py,2
440,__init__,/content/drive/MyDrive/ProjectsforFinalproject/flaskbb/flaskbb/tokens/verifiers.py,0
441,verify_token,/content/drive/MyDrive/ProjectsforFinalproject/flaskbb/flaskbb/tokens/verifiers.py,3
443,__init__,/content/drive/MyDrive/ProjectsforFinalproject/flaskbb/flaskbb/tokens/serializer.py,0
444,dumps,/content/drive/MyDrive/ProjectsforFinalproject/flaskbb/flaskbb/tokens/serializer.py,3
445,loads,/content/drive/MyDrive/ProjectsforFinalproject/flaskbb/flaskbb/tokens/serializer.py,3
446,get_annotations,/content/drive/MyDrive/ProjectsforFinalproject/flaskbb/flaskbb/themes/aurora/build_emoji_set.py,2
447,format_name,/content/drive/MyDrive/ProjectsforFinalproject/flaskbb/flaskbb/themes/aurora/build_emoji_set.py,2
448,template_hook,/content/drive/MyDrive/ProjectsforFinalproject/flaskbb/flaskbb/plugins/utils.py,2
449,validate_plugin,/content/drive/MyDrive/ProjectsforFinalproject/flaskbb/flaskbb/plugins/utils.py,2
450,remove_zombie_plugins_from_db,/content/drive/MyDrive/ProjectsforFinalproject/flaskbb/flaskbb/plugins/utils.py,2
452,__init__,/content/drive/MyDrive/ProjectsforFinalproject/flaskbb/flaskbb/plugins/manager.py,7
453,register,/content/drive/MyDrive/ProjectsforFinalproject/flaskbb/flaskbb/plugins/manager.py,3
454,unregister,/content/drive/MyDrive/ProjectsforFinalproject/flaskbb/flaskbb/plugins/manager.py,2
455,set_blocked,/content/drive/MyDrive/ProjectsforFinalproject/flaskbb/flaskbb/plugins/manager.py,2
456,is_blocked,/content/drive/MyDrive/ProjectsforFinalproject/flaskbb/flaskbb/plugins/manager.py,2
457,get_plugin,/content/drive/MyDrive/ProjectsforFinalproject/flaskbb/flaskbb/plugins/manager.py,2
458,get_name,/content/drive/MyDrive/ProjectsforFinalproject/flaskbb/flaskbb/plugins/manager.py,2
459,load_setuptools_entrypoints,/content/drive/MyDrive/ProjectsforFinalproject/flaskbb/flaskbb/plugins/manager.py,6
460,get_metadata,/content/drive/MyDrive/ProjectsforFinalproject/flaskbb/flaskbb/plugins/manager.py,5
461,list_name,/content/drive/MyDrive/ProjectsforFinalproject/flaskbb/flaskbb/plugins/manager.py,2
462,list_internal_name_plugin,/content/drive/MyDrive/ProjectsforFinalproject/flaskbb/flaskbb/plugins/manager.py,7
463,list_plugin_metadata,/content/drive/MyDrive/ProjectsforFinalproject/flaskbb/flaskbb/plugins/manager.py,2
464,list_disabled_plugins,/content/drive/MyDrive/ProjectsforFinalproject/flaskbb/flaskbb/plugins/manager.py,2
465,get_disabled_plugins,/content/drive/MyDrive/ProjectsforFinalproject/flaskbb/flaskbb/plugins/manager.py,6
466,get_internal_plugins,/content/drive/MyDrive/ProjectsforFinalproject/flaskbb/flaskbb/plugins/manager.py,2
467,get_external_plugins,/content/drive/MyDrive/ProjectsforFinalproject/flaskbb/flaskbb/plugins/manager.py,4
468,flaskbb_extensions,/content/drive/MyDrive/ProjectsforFinalproject/flaskbb/flaskbb/plugins/spec.py,6
469,flaskbb_load_translations,/content/drive/MyDrive/ProjectsforFinalproject/flaskbb/flaskbb/plugins/spec.py,2
470,flaskbb_load_migrations,/content/drive/MyDrive/ProjectsforFinalproject/flaskbb/flaskbb/plugins/spec.py,6
471,flaskbb_load_blueprints,/content/drive/MyDrive/ProjectsforFinalproject/flaskbb/flaskbb/plugins/spec.py,0
472,flaskbb_request_processors,/content/drive/MyDrive/ProjectsforFinalproject/flaskbb/flaskbb/plugins/spec.py,6
473,flaskbb_errorhandlers,/content/drive/MyDrive/ProjectsforFinalproject/flaskbb/flaskbb/plugins/spec.py,6
474,flaskbb_jinja_directives,/content/drive/MyDrive/ProjectsforFinalproject/flaskbb/flaskbb/plugins/spec.py,0
475,flaskbb_additional_setup,/content/drive/MyDrive/ProjectsforFinalproject/flaskbb/flaskbb/plugins/spec.py,6
476,flaskbb_load_post_markdown_class,/content/drive/MyDrive/ProjectsforFinalproject/flaskbb/flaskbb/plugins/spec.py,0
477,flaskbb_load_nonpost_markdown_class,/content/drive/MyDrive/ProjectsforFinalproject/flaskbb/flaskbb/plugins/spec.py,0
478,flaskbb_load_post_markdown_plugins,/content/drive/MyDrive/ProjectsforFinalproject/flaskbb/flaskbb/plugins/spec.py,5
479,flaskbb_load_nonpost_markdown_plugins,/content/drive/MyDrive/ProjectsforFinalproject/flaskbb/flaskbb/plugins/spec.py,6
480,flaskbb_cli,/content/drive/MyDrive/ProjectsforFinalproject/flaskbb/flaskbb/plugins/spec.py,4
481,flaskbb_shell_context,/content/drive/MyDrive/ProjectsforFinalproject/flaskbb/flaskbb/plugins/spec.py,4
482,flaskbb_event_post_save_before,/content/drive/MyDrive/ProjectsforFinalproject/flaskbb/flaskbb/plugins/spec.py,5
483,flaskbb_event_post_save_after,/content/drive/MyDrive/ProjectsforFinalproject/flaskbb/flaskbb/plugins/spec.py,5
484,flaskbb_event_topic_save_before,/content/drive/MyDrive/ProjectsforFinalproject/flaskbb/flaskbb/plugins/spec.py,5
485,flaskbb_event_topic_save_after,/content/drive/MyDrive/ProjectsforFinalproject/flaskbb/flaskbb/plugins/spec.py,5
486,flaskbb_event_user_registered,/content/drive/MyDrive/ProjectsforFinalproject/flaskbb/flaskbb/plugins/spec.py,3
487,flaskbb_gather_registration_validators,/content/drive/MyDrive/ProjectsforFinalproject/flaskbb/flaskbb/plugins/spec.py,3
488,flaskbb_registration_failure_handler,/content/drive/MyDrive/ProjectsforFinalproject/flaskbb/flaskbb/plugins/spec.py,3
489,flaskbb_registration_post_processor,/content/drive/MyDrive/ProjectsforFinalproject/flaskbb/flaskbb/plugins/spec.py,3
490,flaskbb_authenticate,/content/drive/MyDrive/ProjectsforFinalproject/flaskbb/flaskbb/plugins/spec.py,3
491,flaskbb_post_authenticate,/content/drive/MyDrive/ProjectsforFinalproject/flaskbb/flaskbb/plugins/spec.py,3
492,flaskbb_authentication_failed,/content/drive/MyDrive/ProjectsforFinalproject/flaskbb/flaskbb/plugins/spec.py,3
493,flaskbb_reauth_attempt,/content/drive/MyDrive/ProjectsforFinalproject/flaskbb/flaskbb/plugins/spec.py,3
494,flaskbb_post_reauth,/content/drive/MyDrive/ProjectsforFinalproject/flaskbb/flaskbb/plugins/spec.py,3
495,flaskbb_reauth_failed,/content/drive/MyDrive/ProjectsforFinalproject/flaskbb/flaskbb/plugins/spec.py,3
496,flaskbb_form_post,/content/drive/MyDrive/ProjectsforFinalproject/flaskbb/flaskbb/plugins/spec.py,5
497,flaskbb_form_post_save,/content/drive/MyDrive/ProjectsforFinalproject/flaskbb/flaskbb/plugins/spec.py,3
498,flaskbb_form_topic,/content/drive/MyDrive/ProjectsforFinalproject/flaskbb/flaskbb/plugins/spec.py,5
499,flaskbb_form_topic_save,/content/drive/MyDrive/ProjectsforFinalproject/flaskbb/flaskbb/plugins/spec.py,3
500,flaskbb_form_registration,/content/drive/MyDrive/ProjectsforFinalproject/flaskbb/flaskbb/plugins/spec.py,3
501,flaskbb_gather_password_validators,/content/drive/MyDrive/ProjectsforFinalproject/flaskbb/flaskbb/plugins/spec.py,0
502,flaskbb_gather_email_validators,/content/drive/MyDrive/ProjectsforFinalproject/flaskbb/flaskbb/plugins/spec.py,0
503,flaskbb_gather_details_update_validators,/content/drive/MyDrive/ProjectsforFinalproject/flaskbb/flaskbb/plugins/spec.py,0
504,flaskbb_details_updated,/content/drive/MyDrive/ProjectsforFinalproject/flaskbb/flaskbb/plugins/spec.py,3
505,flaskbb_password_updated,/content/drive/MyDrive/ProjectsforFinalproject/flaskbb/flaskbb/plugins/spec.py,3
506,flaskbb_email_updated,/content/drive/MyDrive/ProjectsforFinalproject/flaskbb/flaskbb/plugins/spec.py,3
507,flaskbb_settings_updated,/content/drive/MyDrive/ProjectsforFinalproject/flaskbb/flaskbb/plugins/spec.py,3
508,flaskbb_tpl_navigation_before,/content/drive/MyDrive/ProjectsforFinalproject/flaskbb/flaskbb/plugins/spec.py,0
509,flaskbb_tpl_navigation_after,/content/drive/MyDrive/ProjectsforFinalproject/flaskbb/flaskbb/plugins/spec.py,0
510,flaskbb_tpl_user_nav_loggedin_before,/content/drive/MyDrive/ProjectsforFinalproject/flaskbb/flaskbb/plugins/spec.py,0
511,flaskbb_tpl_user_nav_loggedin_after,/content/drive/MyDrive/ProjectsforFinalproject/flaskbb/flaskbb/plugins/spec.py,0
512,flaskbb_tpl_form_registration_before,/content/drive/MyDrive/ProjectsforFinalproject/flaskbb/flaskbb/plugins/spec.py,0
513,flaskbb_tpl_form_registration_after,/content/drive/MyDrive/ProjectsforFinalproject/flaskbb/flaskbb/plugins/spec.py,0
514,flaskbb_tpl_form_user_details_before,/content/drive/MyDrive/ProjectsforFinalproject/flaskbb/flaskbb/plugins/spec.py,0
515,flaskbb_tpl_form_user_details_after,/content/drive/MyDrive/ProjectsforFinalproject/flaskbb/flaskbb/plugins/spec.py,0
516,flaskbb_tpl_profile_settings_menu,/content/drive/MyDrive/ProjectsforFinalproject/flaskbb/flaskbb/plugins/spec.py,0
517,flaskbb_tpl_profile_sidebar_links,/content/drive/MyDrive/ProjectsforFinalproject/flaskbb/flaskbb/plugins/spec.py,0
518,flaskbb_tpl_admin_settings_menu,/content/drive/MyDrive/ProjectsforFinalproject/flaskbb/flaskbb/plugins/spec.py,0
519,flaskbb_tpl_admin_settings_sidebar,/content/drive/MyDrive/ProjectsforFinalproject/flaskbb/flaskbb/plugins/spec.py,0
520,flaskbb_tpl_profile_sidebar_stats,/content/drive/MyDrive/ProjectsforFinalproject/flaskbb/flaskbb/plugins/spec.py,0
521,flaskbb_tpl_post_author_info_before,/content/drive/MyDrive/ProjectsforFinalproject/flaskbb/flaskbb/plugins/spec.py,0
522,flaskbb_tpl_post_author_info_after,/content/drive/MyDrive/ProjectsforFinalproject/flaskbb/flaskbb/plugins/spec.py,0
523,flaskbb_tpl_post_content_before,/content/drive/MyDrive/ProjectsforFinalproject/flaskbb/flaskbb/plugins/spec.py,0
524,flaskbb_tpl_post_content_after,/content/drive/MyDrive/ProjectsforFinalproject/flaskbb/flaskbb/plugins/spec.py,0
525,flaskbb_tpl_post_menu_before,/content/drive/MyDrive/ProjectsforFinalproject/flaskbb/flaskbb/plugins/spec.py,0
526,flaskbb_tpl_post_menu_after,/content/drive/MyDrive/ProjectsforFinalproject/flaskbb/flaskbb/plugins/spec.py,0
527,flaskbb_tpl_topic_controls,/content/drive/MyDrive/ProjectsforFinalproject/flaskbb/flaskbb/plugins/spec.py,0
528,flaskbb_tpl_form_new_post_before,/content/drive/MyDrive/ProjectsforFinalproject/flaskbb/flaskbb/plugins/spec.py,0
529,flaskbb_tpl_form_new_post_after,/content/drive/MyDrive/ProjectsforFinalproject/flaskbb/flaskbb/plugins/spec.py,0
530,flaskbb_tpl_form_new_topic_before,/content/drive/MyDrive/ProjectsforFinalproject/flaskbb/flaskbb/plugins/spec.py,0
531,flaskbb_tpl_form_new_topic_after,/content/drive/MyDrive/ProjectsforFinalproject/flaskbb/flaskbb/plugins/spec.py,0
534,__repr__,/content/drive/MyDrive/ProjectsforFinalproject/flaskbb/flaskbb/plugins/models.py,2
535,get_or_create,/content/drive/MyDrive/ProjectsforFinalproject/flaskbb/flaskbb/plugins/models.py,2
536,settings,/content/drive/MyDrive/ProjectsforFinalproject/flaskbb/flaskbb/plugins/models.py,7
537,info,/content/drive/MyDrive/ProjectsforFinalproject/flaskbb/flaskbb/plugins/models.py,2
538,is_installable,/content/drive/MyDrive/ProjectsforFinalproject/flaskbb/flaskbb/plugins/models.py,1
539,is_installed,/content/drive/MyDrive/ProjectsforFinalproject/flaskbb/flaskbb/plugins/models.py,7
540,get_settings_form,/content/drive/MyDrive/ProjectsforFinalproject/flaskbb/flaskbb/plugins/models.py,5
541,update_settings,/content/drive/MyDrive/ProjectsforFinalproject/flaskbb/flaskbb/plugins/models.py,5
542,add_settings,/content/drive/MyDrive/ProjectsforFinalproject/flaskbb/flaskbb/plugins/models.py,2
543,__repr__,/content/drive/MyDrive/ProjectsforFinalproject/flaskbb/flaskbb/plugins/models.py,2
546,__repr__,/content/drive/MyDrive/ProjectsforFinalproject/flaskbb/flaskbb/management/models.py,7
547,get_form,/content/drive/MyDrive/ProjectsforFinalproject/flaskbb/flaskbb/management/models.py,5
548,get_all,/content/drive/MyDrive/ProjectsforFinalproject/flaskbb/flaskbb/management/models.py,5
549,update,/content/drive/MyDrive/ProjectsforFinalproject/flaskbb/flaskbb/management/models.py,2
550,get_settings,/content/drive/MyDrive/ProjectsforFinalproject/flaskbb/flaskbb/management/models.py,5
551,as_dict,/content/drive/MyDrive/ProjectsforFinalproject/flaskbb/flaskbb/management/models.py,2
552,invalidate_cache,/content/drive/MyDrive/ProjectsforFinalproject/flaskbb/flaskbb/management/models.py,2
553,selectable_forums,/content/drive/MyDrive/ProjectsforFinalproject/flaskbb/flaskbb/management/forms.py,1
554,selectable_categories,/content/drive/MyDrive/ProjectsforFinalproject/flaskbb/flaskbb/management/forms.py,1
555,selectable_groups,/content/drive/MyDrive/ProjectsforFinalproject/flaskbb/flaskbb/management/forms.py,1
556,select_primary_group,/content/drive/MyDrive/ProjectsforFinalproject/flaskbb/flaskbb/management/forms.py,1
567,validate_username,/content/drive/MyDrive/ProjectsforFinalproject/flaskbb/flaskbb/management/forms.py,1
568,validate_email,/content/drive/MyDrive/ProjectsforFinalproject/flaskbb/flaskbb/management/forms.py,1
569,validate_avatar,/content/drive/MyDrive/ProjectsforFinalproject/flaskbb/flaskbb/management/forms.py,1
570,save,/content/drive/MyDrive/ProjectsforFinalproject/flaskbb/flaskbb/management/forms.py,1
571,__init__,/content/drive/MyDrive/ProjectsforFinalproject/flaskbb/flaskbb/management/forms.py,1
572,validate_name,/content/drive/MyDrive/ProjectsforFinalproject/flaskbb/flaskbb/management/forms.py,1
573,validate_banned,/content/drive/MyDrive/ProjectsforFinalproject/flaskbb/flaskbb/management/forms.py,1
574,validate_guest,/content/drive/MyDrive/ProjectsforFinalproject/flaskbb/flaskbb/management/forms.py,1
575,validate,/content/drive/MyDrive/ProjectsforFinalproject/flaskbb/flaskbb/management/forms.py,1
576,save,/content/drive/MyDrive/ProjectsforFinalproject/flaskbb/flaskbb/management/forms.py,1
577,__init__,/content/drive/MyDrive/ProjectsforFinalproject/flaskbb/flaskbb/management/forms.py,1
578,validate_external,/content/drive/MyDrive/ProjectsforFinalproject/flaskbb/flaskbb/management/forms.py,1
579,validate_show_moderators,/content/drive/MyDrive/ProjectsforFinalproject/flaskbb/flaskbb/management/forms.py,1
580,validate_moderators,/content/drive/MyDrive/ProjectsforFinalproject/flaskbb/flaskbb/management/forms.py,1
581,save,/content/drive/MyDrive/ProjectsforFinalproject/flaskbb/flaskbb/management/forms.py,1
582,__init__,/content/drive/MyDrive/ProjectsforFinalproject/flaskbb/flaskbb/management/forms.py,1
583,save,/content/drive/MyDrive/ProjectsforFinalproject/flaskbb/flaskbb/management/forms.py,1
584,save,/content/drive/MyDrive/ProjectsforFinalproject/flaskbb/flaskbb/management/forms.py,3
615,flaskbb_load_blueprints,/content/drive/MyDrive/ProjectsforFinalproject/flaskbb/flaskbb/management/views.py,1
616,_determine_active_settings,/content/drive/MyDrive/ProjectsforFinalproject/flaskbb/flaskbb/management/views.py,5
617,get,/content/drive/MyDrive/ProjectsforFinalproject/flaskbb/flaskbb/management/views.py,1
618,post,/content/drive/MyDrive/ProjectsforFinalproject/flaskbb/flaskbb/management/views.py,1
619,get,/content/drive/MyDrive/ProjectsforFinalproject/flaskbb/flaskbb/management/views.py,1
620,post,/content/drive/MyDrive/ProjectsforFinalproject/flaskbb/flaskbb/management/views.py,1
621,get,/content/drive/MyDrive/ProjectsforFinalproject/flaskbb/flaskbb/management/views.py,1
622,post,/content/drive/MyDrive/ProjectsforFinalproject/flaskbb/flaskbb/management/views.py,1
623,post,/content/drive/MyDrive/ProjectsforFinalproject/flaskbb/flaskbb/management/views.py,1
624,get,/content/drive/MyDrive/ProjectsforFinalproject/flaskbb/flaskbb/management/views.py,1
625,post,/content/drive/MyDrive/ProjectsforFinalproject/flaskbb/flaskbb/management/views.py,1
626,get,/content/drive/MyDrive/ProjectsforFinalproject/flaskbb/flaskbb/management/views.py,1
627,post,/content/drive/MyDrive/ProjectsforFinalproject/flaskbb/flaskbb/management/views.py,1
628,post,/content/drive/MyDrive/ProjectsforFinalproject/flaskbb/flaskbb/management/views.py,1
629,post,/content/drive/MyDrive/ProjectsforFinalproject/flaskbb/flaskbb/management/views.py,1
630,get,/content/drive/MyDrive/ProjectsforFinalproject/flaskbb/flaskbb/management/views.py,1
631,get,/content/drive/MyDrive/ProjectsforFinalproject/flaskbb/flaskbb/management/views.py,1
632,post,/content/drive/MyDrive/ProjectsforFinalproject/flaskbb/flaskbb/management/views.py,1
633,get,/content/drive/MyDrive/ProjectsforFinalproject/flaskbb/flaskbb/management/views.py,1
634,post,/content/drive/MyDrive/ProjectsforFinalproject/flaskbb/flaskbb/management/views.py,1
635,post,/content/drive/MyDrive/ProjectsforFinalproject/flaskbb/flaskbb/management/views.py,1
636,get,/content/drive/MyDrive/ProjectsforFinalproject/flaskbb/flaskbb/management/views.py,1
637,get,/content/drive/MyDrive/ProjectsforFinalproject/flaskbb/flaskbb/management/views.py,0
638,post,/content/drive/MyDrive/ProjectsforFinalproject/flaskbb/flaskbb/management/views.py,1
639,get,/content/drive/MyDrive/ProjectsforFinalproject/flaskbb/flaskbb/management/views.py,1
640,post,/content/drive/MyDrive/ProjectsforFinalproject/flaskbb/flaskbb/management/views.py,1
641,post,/content/drive/MyDrive/ProjectsforFinalproject/flaskbb/flaskbb/management/views.py,1
642,get,/content/drive/MyDrive/ProjectsforFinalproject/flaskbb/flaskbb/management/views.py,1
643,post,/content/drive/MyDrive/ProjectsforFinalproject/flaskbb/flaskbb/management/views.py,1
644,get,/content/drive/MyDrive/ProjectsforFinalproject/flaskbb/flaskbb/management/views.py,1
645,post,/content/drive/MyDrive/ProjectsforFinalproject/flaskbb/flaskbb/management/views.py,1
646,post,/content/drive/MyDrive/ProjectsforFinalproject/flaskbb/flaskbb/management/views.py,1
647,get,/content/drive/MyDrive/ProjectsforFinalproject/flaskbb/flaskbb/management/views.py,1
648,get,/content/drive/MyDrive/ProjectsforFinalproject/flaskbb/flaskbb/management/views.py,1
649,post,/content/drive/MyDrive/ProjectsforFinalproject/flaskbb/flaskbb/management/views.py,1
650,post,/content/drive/MyDrive/ProjectsforFinalproject/flaskbb/flaskbb/management/views.py,1
651,get,/content/drive/MyDrive/ProjectsforFinalproject/flaskbb/flaskbb/management/views.py,1
652,get,/content/drive/MyDrive/ProjectsforFinalproject/flaskbb/flaskbb/management/views.py,1
653,get,/content/drive/MyDrive/ProjectsforFinalproject/flaskbb/flaskbb/management/views.py,1
654,post,/content/drive/MyDrive/ProjectsforFinalproject/flaskbb/flaskbb/management/views.py,0
655,post,/content/drive/MyDrive/ProjectsforFinalproject/flaskbb/flaskbb/management/views.py,1
656,post,/content/drive/MyDrive/ProjectsforFinalproject/flaskbb/flaskbb/management/views.py,1
657,post,/content/drive/MyDrive/ProjectsforFinalproject/flaskbb/flaskbb/management/views.py,1
658,check_fresh_login,/content/drive/MyDrive/ProjectsforFinalproject/flaskbb/flaskbb/management/views.py,3
659,flaskbb_tpl_admin_settings_menu,/content/drive/MyDrive/ProjectsforFinalproject/flaskbb/flaskbb/management/plugins.py,7
660,flaskbb_tpl_admin_settings_sidebar,/content/drive/MyDrive/ProjectsforFinalproject/flaskbb/flaskbb/management/plugins.py,7
666,__init__,/content/drive/MyDrive/ProjectsforFinalproject/flaskbb/flaskbb/core/tokens.py,0
667,invalid,/content/drive/MyDrive/ProjectsforFinalproject/flaskbb/flaskbb/core/tokens.py,3
668,expired,/content/drive/MyDrive/ProjectsforFinalproject/flaskbb/flaskbb/core/tokens.py,3
669,bad,/content/drive/MyDrive/ProjectsforFinalproject/flaskbb/flaskbb/core/tokens.py,3
670,dumps,/content/drive/MyDrive/ProjectsforFinalproject/flaskbb/flaskbb/core/tokens.py,0
671,loads,/content/drive/MyDrive/ProjectsforFinalproject/flaskbb/flaskbb/core/tokens.py,0
672,verify_token,/content/drive/MyDrive/ProjectsforFinalproject/flaskbb/flaskbb/core/tokens.py,0
673,__call__,/content/drive/MyDrive/ProjectsforFinalproject/flaskbb/flaskbb/core/tokens.py,3
678,accumulate_errors,/content/drive/MyDrive/ProjectsforFinalproject/flaskbb/flaskbb/core/exceptions.py,3
679,__init__,/content/drive/MyDrive/ProjectsforFinalproject/flaskbb/flaskbb/core/exceptions.py,0
680,__init__,/content/drive/MyDrive/ProjectsforFinalproject/flaskbb/flaskbb/core/exceptions.py,2
682,is_empty,/content/drive/MyDrive/ProjectsforFinalproject/flaskbb/flaskbb/core/changesets.py,2
686,__new__,/content/drive/MyDrive/ProjectsforFinalproject/flaskbb/flaskbb/core/changesets.py,0
687,__eq__,/content/drive/MyDrive/ProjectsforFinalproject/flaskbb/flaskbb/core/changesets.py,0
688,__bool__,/content/drive/MyDrive/ProjectsforFinalproject/flaskbb/flaskbb/core/changesets.py,0
689,validate,/content/drive/MyDrive/ProjectsforFinalproject/flaskbb/flaskbb/core/changesets.py,2
690,apply_changeset,/content/drive/MyDrive/ProjectsforFinalproject/flaskbb/flaskbb/core/changesets.py,0
691,post_process_changeset,/content/drive/MyDrive/ProjectsforFinalproject/flaskbb/flaskbb/core/changesets.py,2
692,_should_assign,/content/drive/MyDrive/ProjectsforFinalproject/flaskbb/flaskbb/core/user/update.py,2
698,assign_to_user,/content/drive/MyDrive/ProjectsforFinalproject/flaskbb/flaskbb/core/user/update.py,0
699,assign_to_user,/content/drive/MyDrive/ProjectsforFinalproject/flaskbb/flaskbb/core/user/update.py,3
700,post_process_settings_update,/content/drive/MyDrive/ProjectsforFinalproject/flaskbb/flaskbb/core/user/update.py,2
706,validate,/content/drive/MyDrive/ProjectsforFinalproject/flaskbb/flaskbb/core/auth/registration.py,0
707,__call__,/content/drive/MyDrive/ProjectsforFinalproject/flaskbb/flaskbb/core/auth/registration.py,0
708,handle_failure,/content/drive/MyDrive/ProjectsforFinalproject/flaskbb/flaskbb/core/auth/registration.py,3
709,__call__,/content/drive/MyDrive/ProjectsforFinalproject/flaskbb/flaskbb/core/auth/registration.py,0
710,post_process,/content/drive/MyDrive/ProjectsforFinalproject/flaskbb/flaskbb/core/auth/registration.py,3
711,__call__,/content/drive/MyDrive/ProjectsforFinalproject/flaskbb/flaskbb/core/auth/registration.py,0
712,register,/content/drive/MyDrive/ProjectsforFinalproject/flaskbb/flaskbb/core/auth/registration.py,3
714,initiate_account_activation,/content/drive/MyDrive/ProjectsforFinalproject/flaskbb/flaskbb/core/auth/activation.py,3
715,activate_account,/content/drive/MyDrive/ProjectsforFinalproject/flaskbb/flaskbb/core/auth/activation.py,3
726,__init__,/content/drive/MyDrive/ProjectsforFinalproject/flaskbb/flaskbb/core/auth/authentication.py,7
727,__init__,/content/drive/MyDrive/ProjectsforFinalproject/flaskbb/flaskbb/core/auth/authentication.py,0
728,authenticate,/content/drive/MyDrive/ProjectsforFinalproject/flaskbb/flaskbb/core/auth/authentication.py,0
729,authenticate,/content/drive/MyDrive/ProjectsforFinalproject/flaskbb/flaskbb/core/auth/authentication.py,0
730,__call__,/content/drive/MyDrive/ProjectsforFinalproject/flaskbb/flaskbb/core/auth/authentication.py,0
731,handle_authentication_failure,/content/drive/MyDrive/ProjectsforFinalproject/flaskbb/flaskbb/core/auth/authentication.py,3
732,__call__,/content/drive/MyDrive/ProjectsforFinalproject/flaskbb/flaskbb/core/auth/authentication.py,0
733,handle_post_auth,/content/drive/MyDrive/ProjectsforFinalproject/flaskbb/flaskbb/core/auth/authentication.py,3
734,__call__,/content/drive/MyDrive/ProjectsforFinalproject/flaskbb/flaskbb/core/auth/authentication.py,0
735,reauthenticate,/content/drive/MyDrive/ProjectsforFinalproject/flaskbb/flaskbb/core/auth/authentication.py,7
736,__call__,/content/drive/MyDrive/ProjectsforFinalproject/flaskbb/flaskbb/core/auth/authentication.py,0
737,reauthenticate,/content/drive/MyDrive/ProjectsforFinalproject/flaskbb/flaskbb/core/auth/authentication.py,3
738,__call__,/content/drive/MyDrive/ProjectsforFinalproject/flaskbb/flaskbb/core/auth/authentication.py,0
739,handle_reauth_failure,/content/drive/MyDrive/ProjectsforFinalproject/flaskbb/flaskbb/core/auth/authentication.py,3
740,__call__,/content/drive/MyDrive/ProjectsforFinalproject/flaskbb/flaskbb/core/auth/authentication.py,0
741,handle_post_reauth,/content/drive/MyDrive/ProjectsforFinalproject/flaskbb/flaskbb/core/auth/authentication.py,3
742,__call__,/content/drive/MyDrive/ProjectsforFinalproject/flaskbb/flaskbb/core/auth/authentication.py,3
744,initiate_password_reset,/content/drive/MyDrive/ProjectsforFinalproject/flaskbb/flaskbb/core/auth/password.py,3
745,reset_password,/content/drive/MyDrive/ProjectsforFinalproject/flaskbb/flaskbb/core/auth/password.py,3
746,available_avatar_types,/content/drive/MyDrive/ProjectsforFinalproject/flaskbb/flaskbb/fixtures/settings.py,7
756,save,/content/drive/MyDrive/ProjectsforFinalproject/flaskbb/flaskbb/forum/forms.py,1
757,__init__,/content/drive/MyDrive/ProjectsforFinalproject/flaskbb/flaskbb/forum/forms.py,1
758,save,/content/drive/MyDrive/ProjectsforFinalproject/flaskbb/flaskbb/forum/forms.py,1
759,save,/content/drive/MyDrive/ProjectsforFinalproject/flaskbb/flaskbb/forum/forms.py,1
760,__init__,/content/drive/MyDrive/ProjectsforFinalproject/flaskbb/flaskbb/forum/forms.py,1
761,populate_obj,/content/drive/MyDrive/ProjectsforFinalproject/flaskbb/flaskbb/forum/forms.py,5
762,save,/content/drive/MyDrive/ProjectsforFinalproject/flaskbb/flaskbb/forum/forms.py,1
763,save,/content/drive/MyDrive/ProjectsforFinalproject/flaskbb/flaskbb/forum/forms.py,1
764,get_results,/content/drive/MyDrive/ProjectsforFinalproject/flaskbb/flaskbb/forum/forms.py,7
765,get_results,/content/drive/MyDrive/ProjectsforFinalproject/flaskbb/flaskbb/forum/forms.py,3
796,flaskbb_load_blueprints,/content/drive/MyDrive/ProjectsforFinalproject/flaskbb/flaskbb/forum/views.py,1
797,get,/content/drive/MyDrive/ProjectsforFinalproject/flaskbb/flaskbb/forum/views.py,1
798,get,/content/drive/MyDrive/ProjectsforFinalproject/flaskbb/flaskbb/forum/views.py,1
799,get,/content/drive/MyDrive/ProjectsforFinalproject/flaskbb/flaskbb/forum/views.py,1
800,get,/content/drive/MyDrive/ProjectsforFinalproject/flaskbb/flaskbb/forum/views.py,1
801,get,/content/drive/MyDrive/ProjectsforFinalproject/flaskbb/flaskbb/forum/views.py,1
802,post,/content/drive/MyDrive/ProjectsforFinalproject/flaskbb/flaskbb/forum/views.py,1
803,form,/content/drive/MyDrive/ProjectsforFinalproject/flaskbb/flaskbb/forum/views.py,1
804,get,/content/drive/MyDrive/ProjectsforFinalproject/flaskbb/flaskbb/forum/views.py,1
805,post,/content/drive/MyDrive/ProjectsforFinalproject/flaskbb/flaskbb/forum/views.py,1
806,form,/content/drive/MyDrive/ProjectsforFinalproject/flaskbb/flaskbb/forum/views.py,1
807,get,/content/drive/MyDrive/ProjectsforFinalproject/flaskbb/flaskbb/forum/views.py,1
808,post,/content/drive/MyDrive/ProjectsforFinalproject/flaskbb/flaskbb/forum/views.py,1
809,form,/content/drive/MyDrive/ProjectsforFinalproject/flaskbb/flaskbb/forum/views.py,1
810,get,/content/drive/MyDrive/ProjectsforFinalproject/flaskbb/flaskbb/forum/views.py,1
811,post,/content/drive/MyDrive/ProjectsforFinalproject/flaskbb/flaskbb/forum/views.py,1
812,get,/content/drive/MyDrive/ProjectsforFinalproject/flaskbb/flaskbb/forum/views.py,1
813,post,/content/drive/MyDrive/ProjectsforFinalproject/flaskbb/flaskbb/forum/views.py,1
814,form,/content/drive/MyDrive/ProjectsforFinalproject/flaskbb/flaskbb/forum/views.py,1
815,get,/content/drive/MyDrive/ProjectsforFinalproject/flaskbb/flaskbb/forum/views.py,1
816,post,/content/drive/MyDrive/ProjectsforFinalproject/flaskbb/flaskbb/forum/views.py,1
817,form,/content/drive/MyDrive/ProjectsforFinalproject/flaskbb/flaskbb/forum/views.py,3
818,get,/content/drive/MyDrive/ProjectsforFinalproject/flaskbb/flaskbb/forum/views.py,1
819,post,/content/drive/MyDrive/ProjectsforFinalproject/flaskbb/flaskbb/forum/views.py,1
820,get,/content/drive/MyDrive/ProjectsforFinalproject/flaskbb/flaskbb/forum/views.py,1
821,post,/content/drive/MyDrive/ProjectsforFinalproject/flaskbb/flaskbb/forum/views.py,1
822,get,/content/drive/MyDrive/ProjectsforFinalproject/flaskbb/flaskbb/forum/views.py,1
823,post,/content/drive/MyDrive/ProjectsforFinalproject/flaskbb/flaskbb/forum/views.py,1
824,get,/content/drive/MyDrive/ProjectsforFinalproject/flaskbb/flaskbb/forum/views.py,1
825,post,/content/drive/MyDrive/ProjectsforFinalproject/flaskbb/flaskbb/forum/views.py,1
826,post,/content/drive/MyDrive/ProjectsforFinalproject/flaskbb/flaskbb/forum/views.py,1
827,post,/content/drive/MyDrive/ProjectsforFinalproject/flaskbb/flaskbb/forum/views.py,7
828,post,/content/drive/MyDrive/ProjectsforFinalproject/flaskbb/flaskbb/forum/views.py,1
829,post,/content/drive/MyDrive/ProjectsforFinalproject/flaskbb/flaskbb/forum/views.py,1
830,post,/content/drive/MyDrive/ProjectsforFinalproject/flaskbb/flaskbb/forum/views.py,1
831,post,/content/drive/MyDrive/ProjectsforFinalproject/flaskbb/flaskbb/forum/views.py,1
832,get,/content/drive/MyDrive/ProjectsforFinalproject/flaskbb/flaskbb/forum/views.py,1
833,post,/content/drive/MyDrive/ProjectsforFinalproject/flaskbb/flaskbb/forum/views.py,7
834,get,/content/drive/MyDrive/ProjectsforFinalproject/flaskbb/flaskbb/forum/views.py,1
835,post,/content/drive/MyDrive/ProjectsforFinalproject/flaskbb/flaskbb/forum/views.py,1
836,post,/content/drive/MyDrive/ProjectsforFinalproject/flaskbb/flaskbb/forum/views.py,1
837,post,/content/drive/MyDrive/ProjectsforFinalproject/flaskbb/flaskbb/forum/views.py,1
838,post,/content/drive/MyDrive/ProjectsforFinalproject/flaskbb/flaskbb/forum/views.py,1
839,post,/content/drive/MyDrive/ProjectsforFinalproject/flaskbb/flaskbb/forum/views.py,1
840,post,/content/drive/MyDrive/ProjectsforFinalproject/flaskbb/flaskbb/forum/views.py,1
841,post,/content/drive/MyDrive/ProjectsforFinalproject/flaskbb/flaskbb/forum/views.py,5
842,current_post,/content/drive/MyDrive/ProjectsforFinalproject/flaskbb/flaskbb/forum/locals.py,7
843,current_topic,/content/drive/MyDrive/ProjectsforFinalproject/flaskbb/flaskbb/forum/locals.py,7
844,current_forum,/content/drive/MyDrive/ProjectsforFinalproject/flaskbb/flaskbb/forum/locals.py,7
845,current_category,/content/drive/MyDrive/ProjectsforFinalproject/flaskbb/flaskbb/forum/locals.py,7
846,_get_item,/content/drive/MyDrive/ProjectsforFinalproject/flaskbb/flaskbb/forum/locals.py,2
854,__repr__,/content/drive/MyDrive/ProjectsforFinalproject/flaskbb/flaskbb/forum/models.py,7
855,save,/content/drive/MyDrive/ProjectsforFinalproject/flaskbb/flaskbb/forum/models.py,7
856,url,/content/drive/MyDrive/ProjectsforFinalproject/flaskbb/flaskbb/forum/models.py,7
857,__init__,/content/drive/MyDrive/ProjectsforFinalproject/flaskbb/flaskbb/forum/models.py,7
858,__repr__,/content/drive/MyDrive/ProjectsforFinalproject/flaskbb/flaskbb/forum/models.py,7
859,is_first_post,/content/drive/MyDrive/ProjectsforFinalproject/flaskbb/flaskbb/forum/models.py,7
860,save,/content/drive/MyDrive/ProjectsforFinalproject/flaskbb/flaskbb/forum/models.py,7
861,delete,/content/drive/MyDrive/ProjectsforFinalproject/flaskbb/flaskbb/forum/models.py,7
862,hide,/content/drive/MyDrive/ProjectsforFinalproject/flaskbb/flaskbb/forum/models.py,7
863,unhide,/content/drive/MyDrive/ProjectsforFinalproject/flaskbb/flaskbb/forum/models.py,7
864,_deal_with_last_post,/content/drive/MyDrive/ProjectsforFinalproject/flaskbb/flaskbb/forum/models.py,5
865,_update_counts,/content/drive/MyDrive/ProjectsforFinalproject/flaskbb/flaskbb/forum/models.py,5
866,_restore_post_to_topic,/content/drive/MyDrive/ProjectsforFinalproject/flaskbb/flaskbb/forum/models.py,5
867,second_last_post,/content/drive/MyDrive/ProjectsforFinalproject/flaskbb/flaskbb/forum/models.py,7
868,slug,/content/drive/MyDrive/ProjectsforFinalproject/flaskbb/flaskbb/forum/models.py,7
869,url,/content/drive/MyDrive/ProjectsforFinalproject/flaskbb/flaskbb/forum/models.py,7
870,__init__,/content/drive/MyDrive/ProjectsforFinalproject/flaskbb/flaskbb/forum/models.py,7
871,__repr__,/content/drive/MyDrive/ProjectsforFinalproject/flaskbb/flaskbb/forum/models.py,7
872,is_first_post,/content/drive/MyDrive/ProjectsforFinalproject/flaskbb/flaskbb/forum/models.py,5
873,first_unread,/content/drive/MyDrive/ProjectsforFinalproject/flaskbb/flaskbb/forum/models.py,7
874,get_topic,/content/drive/MyDrive/ProjectsforFinalproject/flaskbb/flaskbb/forum/models.py,5
875,tracker_needs_update,/content/drive/MyDrive/ProjectsforFinalproject/flaskbb/flaskbb/forum/models.py,5
876,update_read,/content/drive/MyDrive/ProjectsforFinalproject/flaskbb/flaskbb/forum/models.py,7
877,recalculate,/content/drive/MyDrive/ProjectsforFinalproject/flaskbb/flaskbb/forum/models.py,7
878,move,/content/drive/MyDrive/ProjectsforFinalproject/flaskbb/flaskbb/forum/models.py,5
879,save,/content/drive/MyDrive/ProjectsforFinalproject/flaskbb/flaskbb/forum/models.py,7
880,delete,/content/drive/MyDrive/ProjectsforFinalproject/flaskbb/flaskbb/forum/models.py,7
881,hide,/content/drive/MyDrive/ProjectsforFinalproject/flaskbb/flaskbb/forum/models.py,7
882,unhide,/content/drive/MyDrive/ProjectsforFinalproject/flaskbb/flaskbb/forum/models.py,7
883,_remove_topic_from_forum,/content/drive/MyDrive/ProjectsforFinalproject/flaskbb/flaskbb/forum/models.py,5
884,_fix_user_post_counts,/content/drive/MyDrive/ProjectsforFinalproject/flaskbb/flaskbb/forum/models.py,5
885,_fix_post_counts,/content/drive/MyDrive/ProjectsforFinalproject/flaskbb/flaskbb/forum/models.py,5
886,_restore_topic_to_forum,/content/drive/MyDrive/ProjectsforFinalproject/flaskbb/flaskbb/forum/models.py,5
887,_handle_first_post,/content/drive/MyDrive/ProjectsforFinalproject/flaskbb/flaskbb/forum/models.py,5
888,involved_users,/content/drive/MyDrive/ProjectsforFinalproject/flaskbb/flaskbb/forum/models.py,5
889,slug,/content/drive/MyDrive/ProjectsforFinalproject/flaskbb/flaskbb/forum/models.py,7
890,url,/content/drive/MyDrive/ProjectsforFinalproject/flaskbb/flaskbb/forum/models.py,7
891,last_post_url,/content/drive/MyDrive/ProjectsforFinalproject/flaskbb/flaskbb/forum/models.py,7
892,__repr__,/content/drive/MyDrive/ProjectsforFinalproject/flaskbb/flaskbb/forum/models.py,7
893,update_last_post,/content/drive/MyDrive/ProjectsforFinalproject/flaskbb/flaskbb/forum/models.py,5
894,update_read,/content/drive/MyDrive/ProjectsforFinalproject/flaskbb/flaskbb/forum/models.py,5
895,recalculate,/content/drive/MyDrive/ProjectsforFinalproject/flaskbb/flaskbb/forum/models.py,7
896,save,/content/drive/MyDrive/ProjectsforFinalproject/flaskbb/flaskbb/forum/models.py,7
897,delete,/content/drive/MyDrive/ProjectsforFinalproject/flaskbb/flaskbb/forum/models.py,7
898,move_topics_to,/content/drive/MyDrive/ProjectsforFinalproject/flaskbb/flaskbb/forum/models.py,5
899,get_forum,/content/drive/MyDrive/ProjectsforFinalproject/flaskbb/flaskbb/forum/models.py,5
900,get_topics,/content/drive/MyDrive/ProjectsforFinalproject/flaskbb/flaskbb/forum/models.py,3
901,slug,/content/drive/MyDrive/ProjectsforFinalproject/flaskbb/flaskbb/forum/models.py,7
902,url,/content/drive/MyDrive/ProjectsforFinalproject/flaskbb/flaskbb/forum/models.py,7
903,__repr__,/content/drive/MyDrive/ProjectsforFinalproject/flaskbb/flaskbb/forum/models.py,7
904,delete,/content/drive/MyDrive/ProjectsforFinalproject/flaskbb/flaskbb/forum/models.py,7
905,get_all,/content/drive/MyDrive/ProjectsforFinalproject/flaskbb/flaskbb/forum/models.py,7
906,get_forums,/content/drive/MyDrive/ProjectsforFinalproject/flaskbb/flaskbb/forum/models.py,5
907,force_login_if_needed,/content/drive/MyDrive/ProjectsforFinalproject/flaskbb/flaskbb/forum/utils.py,7
908,should_force_login,/content/drive/MyDrive/ProjectsforFinalproject/flaskbb/flaskbb/forum/utils.py,3
919,validate_plugin,/content/drive/MyDrive/ProjectsforFinalproject/flaskbb/flaskbb/cli/utils.py,7
920,validate_theme,/content/drive/MyDrive/ProjectsforFinalproject/flaskbb/flaskbb/cli/utils.py,2
921,get_cookiecutter,/content/drive/MyDrive/ProjectsforFinalproject/flaskbb/flaskbb/cli/utils.py,2
922,get_version,/content/drive/MyDrive/ProjectsforFinalproject/flaskbb/flaskbb/cli/utils.py,1
923,prompt_save_user,/content/drive/MyDrive/ProjectsforFinalproject/flaskbb/flaskbb/cli/utils.py,4
924,prompt_config_path,/content/drive/MyDrive/ProjectsforFinalproject/flaskbb/flaskbb/cli/utils.py,4
925,write_config,/content/drive/MyDrive/ProjectsforFinalproject/flaskbb/flaskbb/cli/utils.py,4
926,__init__,/content/drive/MyDrive/ProjectsforFinalproject/flaskbb/flaskbb/cli/utils.py,7
927,show,/content/drive/MyDrive/ProjectsforFinalproject/flaskbb/flaskbb/cli/utils.py,0
928,convert,/content/drive/MyDrive/ProjectsforFinalproject/flaskbb/flaskbb/cli/utils.py,7
929,__repr__,/content/drive/MyDrive/ProjectsforFinalproject/flaskbb/flaskbb/cli/utils.py,2
930,plugins,/content/drive/MyDrive/ProjectsforFinalproject/flaskbb/flaskbb/cli/plugins.py,7
931,list_plugins,/content/drive/MyDrive/ProjectsforFinalproject/flaskbb/flaskbb/cli/plugins.py,7
932,enable_plugin,/content/drive/MyDrive/ProjectsforFinalproject/flaskbb/flaskbb/cli/plugins.py,7
933,disable_plugin,/content/drive/MyDrive/ProjectsforFinalproject/flaskbb/flaskbb/cli/plugins.py,7
934,install,/content/drive/MyDrive/ProjectsforFinalproject/flaskbb/flaskbb/cli/plugins.py,7
935,uninstall,/content/drive/MyDrive/ProjectsforFinalproject/flaskbb/flaskbb/cli/plugins.py,7
936,cleanup,/content/drive/MyDrive/ProjectsforFinalproject/flaskbb/flaskbb/cli/plugins.py,2
937,new_plugin,/content/drive/MyDrive/ProjectsforFinalproject/flaskbb/flaskbb/cli/plugins.py,2
938,themes,/content/drive/MyDrive/ProjectsforFinalproject/flaskbb/flaskbb/cli/themes.py,7
939,list_themes,/content/drive/MyDrive/ProjectsforFinalproject/flaskbb/flaskbb/cli/themes.py,7
940,new_theme,/content/drive/MyDrive/ProjectsforFinalproject/flaskbb/flaskbb/cli/themes.py,2
941,remove_theme,/content/drive/MyDrive/ProjectsforFinalproject/flaskbb/flaskbb/cli/themes.py,2
942,users,/content/drive/MyDrive/ProjectsforFinalproject/flaskbb/flaskbb/cli/users.py,7
943,new_user,/content/drive/MyDrive/ProjectsforFinalproject/flaskbb/flaskbb/cli/users.py,7
944,change_user,/content/drive/MyDrive/ProjectsforFinalproject/flaskbb/flaskbb/cli/users.py,7
945,delete_user,/content/drive/MyDrive/ProjectsforFinalproject/flaskbb/flaskbb/cli/users.py,2
947,make_app,/content/drive/MyDrive/ProjectsforFinalproject/flaskbb/flaskbb/cli/main.py,1
948,set_config,/content/drive/MyDrive/ProjectsforFinalproject/flaskbb/flaskbb/cli/main.py,1
949,set_instance,/content/drive/MyDrive/ProjectsforFinalproject/flaskbb/flaskbb/cli/main.py,1
950,flaskbb,/content/drive/MyDrive/ProjectsforFinalproject/flaskbb/flaskbb/cli/main.py,7
951,install,/content/drive/MyDrive/ProjectsforFinalproject/flaskbb/flaskbb/cli/main.py,7
952,populate,/content/drive/MyDrive/ProjectsforFinalproject/flaskbb/flaskbb/cli/main.py,7
953,reindex,/content/drive/MyDrive/ProjectsforFinalproject/flaskbb/flaskbb/cli/main.py,4
954,upgrade,/content/drive/MyDrive/ProjectsforFinalproject/flaskbb/flaskbb/cli/main.py,4
955,start_celery,/content/drive/MyDrive/ProjectsforFinalproject/flaskbb/flaskbb/cli/main.py,7
956,shell_command,/content/drive/MyDrive/ProjectsforFinalproject/flaskbb/flaskbb/cli/main.py,7
957,list_urls,/content/drive/MyDrive/ProjectsforFinalproject/flaskbb/flaskbb/cli/main.py,7
958,generate_config,/content/drive/MyDrive/ProjectsforFinalproject/flaskbb/flaskbb/cli/main.py,7
959,__init__,/content/drive/MyDrive/ProjectsforFinalproject/flaskbb/flaskbb/cli/main.py,7
960,_load_flaskbb_plugins,/content/drive/MyDrive/ProjectsforFinalproject/flaskbb/flaskbb/cli/main.py,4
961,get_command,/content/drive/MyDrive/ProjectsforFinalproject/flaskbb/flaskbb/cli/main.py,4
962,list_commands,/content/drive/MyDrive/ProjectsforFinalproject/flaskbb/flaskbb/cli/main.py,4
963,translations,/content/drive/MyDrive/ProjectsforFinalproject/flaskbb/flaskbb/cli/translations.py,7
964,new_translation,/content/drive/MyDrive/ProjectsforFinalproject/flaskbb/flaskbb/cli/translations.py,2
965,update_translation,/content/drive/MyDrive/ProjectsforFinalproject/flaskbb/flaskbb/cli/translations.py,2
966,compile_translation,/content/drive/MyDrive/ProjectsforFinalproject/flaskbb/flaskbb/cli/translations.py,2
967,flaskbb_authenticate,/content/drive/MyDrive/ProjectsforFinalproject/flaskbb/flaskbb/auth/plugins.py,1
968,flaskbb_post_authenticate,/content/drive/MyDrive/ProjectsforFinalproject/flaskbb/flaskbb/auth/plugins.py,0
969,flaskbb_authentication_failed,/content/drive/MyDrive/ProjectsforFinalproject/flaskbb/flaskbb/auth/plugins.py,0
970,flaskbb_reauth_attempt,/content/drive/MyDrive/ProjectsforFinalproject/flaskbb/flaskbb/auth/plugins.py,0
971,flaskbb_reauth_failed,/content/drive/MyDrive/ProjectsforFinalproject/flaskbb/flaskbb/auth/plugins.py,0
972,flaskbb_post_reauth,/content/drive/MyDrive/ProjectsforFinalproject/flaskbb/flaskbb/auth/plugins.py,0
973,flaskbb_errorhandlers,/content/drive/MyDrive/ProjectsforFinalproject/flaskbb/flaskbb/auth/plugins.py,7
974,flaskbb_gather_registration_validators,/content/drive/MyDrive/ProjectsforFinalproject/flaskbb/flaskbb/auth/plugins.py,0
975,flaskbb_registration_post_processor,/content/drive/MyDrive/ProjectsforFinalproject/flaskbb/flaskbb/auth/plugins.py,0
976,handle_force_logout,/content/drive/MyDrive/ProjectsforFinalproject/flaskbb/flaskbb/auth/plugins.py,3
994,flaskbb_load_blueprints,/content/drive/MyDrive/ProjectsforFinalproject/flaskbb/flaskbb/auth/views.py,1
995,get,/content/drive/MyDrive/ProjectsforFinalproject/flaskbb/flaskbb/auth/views.py,1
996,__init__,/content/drive/MyDrive/ProjectsforFinalproject/flaskbb/flaskbb/auth/views.py,1
997,form,/content/drive/MyDrive/ProjectsforFinalproject/flaskbb/flaskbb/auth/views.py,1
998,get,/content/drive/MyDrive/ProjectsforFinalproject/flaskbb/flaskbb/auth/views.py,1
999,post,/content/drive/MyDrive/ProjectsforFinalproject/flaskbb/flaskbb/auth/views.py,1
1000,__init__,/content/drive/MyDrive/ProjectsforFinalproject/flaskbb/flaskbb/auth/views.py,1
1001,get,/content/drive/MyDrive/ProjectsforFinalproject/flaskbb/flaskbb/auth/views.py,1
1002,post,/content/drive/MyDrive/ProjectsforFinalproject/flaskbb/flaskbb/auth/views.py,1
1003,__init__,/content/drive/MyDrive/ProjectsforFinalproject/flaskbb/flaskbb/auth/views.py,1
1004,form,/content/drive/MyDrive/ProjectsforFinalproject/flaskbb/flaskbb/auth/views.py,1
1005,get,/content/drive/MyDrive/ProjectsforFinalproject/flaskbb/flaskbb/auth/views.py,1
1006,post,/content/drive/MyDrive/ProjectsforFinalproject/flaskbb/flaskbb/auth/views.py,1
1007,__init__,/content/drive/MyDrive/ProjectsforFinalproject/flaskbb/flaskbb/auth/views.py,1
1008,get,/content/drive/MyDrive/ProjectsforFinalproject/flaskbb/flaskbb/auth/views.py,1
1009,post,/content/drive/MyDrive/ProjectsforFinalproject/flaskbb/flaskbb/auth/views.py,1
1010,__init__,/content/drive/MyDrive/ProjectsforFinalproject/flaskbb/flaskbb/auth/views.py,1
1011,get,/content/drive/MyDrive/ProjectsforFinalproject/flaskbb/flaskbb/auth/views.py,1
1012,post,/content/drive/MyDrive/ProjectsforFinalproject/flaskbb/flaskbb/auth/views.py,1
1013,__init__,/content/drive/MyDrive/ProjectsforFinalproject/flaskbb/flaskbb/auth/views.py,1
1014,get,/content/drive/MyDrive/ProjectsforFinalproject/flaskbb/flaskbb/auth/views.py,1
1015,post,/content/drive/MyDrive/ProjectsforFinalproject/flaskbb/flaskbb/auth/views.py,1
1016,__init__,/content/drive/MyDrive/ProjectsforFinalproject/flaskbb/flaskbb/auth/views.py,1
1017,get,/content/drive/MyDrive/ProjectsforFinalproject/flaskbb/flaskbb/auth/views.py,1
1018,__init__,/content/drive/MyDrive/ProjectsforFinalproject/flaskbb/flaskbb/auth/views.py,1
1019,get,/content/drive/MyDrive/ProjectsforFinalproject/flaskbb/flaskbb/auth/views.py,1
1020,post,/content/drive/MyDrive/ProjectsforFinalproject/flaskbb/flaskbb/auth/views.py,1
1021,login_rate_limit,/content/drive/MyDrive/ProjectsforFinalproject/flaskbb/flaskbb/auth/views.py,1
1022,login_rate_limit_message,/content/drive/MyDrive/ProjectsforFinalproject/flaskbb/flaskbb/auth/views.py,1
1023,check_rate_limiting,/content/drive/MyDrive/ProjectsforFinalproject/flaskbb/flaskbb/auth/views.py,1
1024,login_rate_limit_error,/content/drive/MyDrive/ProjectsforFinalproject/flaskbb/flaskbb/auth/views.py,3
1026,__init__,/content/drive/MyDrive/ProjectsforFinalproject/flaskbb/flaskbb/auth/services/password.py,0
1027,initiate_password_reset,/content/drive/MyDrive/ProjectsforFinalproject/flaskbb/flaskbb/auth/services/password.py,0
1028,reset_password,/content/drive/MyDrive/ProjectsforFinalproject/flaskbb/flaskbb/auth/services/password.py,0
1029,_verify_token,/content/drive/MyDrive/ProjectsforFinalproject/flaskbb/flaskbb/auth/services/password.py,3
1037,__init__,/content/drive/MyDrive/ProjectsforFinalproject/flaskbb/flaskbb/auth/services/authentication.py,0
1038,authenticate,/content/drive/MyDrive/ProjectsforFinalproject/flaskbb/flaskbb/auth/services/authentication.py,7
1039,authenticate,/content/drive/MyDrive/ProjectsforFinalproject/flaskbb/flaskbb/auth/services/authentication.py,0
1040,handle_authentication_failure,/content/drive/MyDrive/ProjectsforFinalproject/flaskbb/flaskbb/auth/services/authentication.py,0
1041,handle_post_auth,/content/drive/MyDrive/ProjectsforFinalproject/flaskbb/flaskbb/auth/services/authentication.py,0
1042,handle_post_auth,/content/drive/MyDrive/ProjectsforFinalproject/flaskbb/flaskbb/auth/services/authentication.py,0
1043,__init__,/content/drive/MyDrive/ProjectsforFinalproject/flaskbb/flaskbb/auth/services/authentication.py,0
1044,authenticate,/content/drive/MyDrive/ProjectsforFinalproject/flaskbb/flaskbb/auth/services/authentication.py,3
1046,__init__,/content/drive/MyDrive/ProjectsforFinalproject/flaskbb/flaskbb/auth/services/activation.py,0
1047,initiate_account_activation,/content/drive/MyDrive/ProjectsforFinalproject/flaskbb/flaskbb/auth/services/activation.py,0
1048,activate_account,/content/drive/MyDrive/ProjectsforFinalproject/flaskbb/flaskbb/auth/services/activation.py,3
1053,reauthenticate,/content/drive/MyDrive/ProjectsforFinalproject/flaskbb/flaskbb/auth/services/reauthentication.py,1
1054,handle_post_reauth,/content/drive/MyDrive/ProjectsforFinalproject/flaskbb/flaskbb/auth/services/reauthentication.py,0
1055,handle_reauth_failure,/content/drive/MyDrive/ProjectsforFinalproject/flaskbb/flaskbb/auth/services/reauthentication.py,0
1056,__init__,/content/drive/MyDrive/ProjectsforFinalproject/flaskbb/flaskbb/auth/services/reauthentication.py,0
1057,reauthenticate,/content/drive/MyDrive/ProjectsforFinalproject/flaskbb/flaskbb/auth/services/reauthentication.py,3
1058,registration_service_factory,/content/drive/MyDrive/ProjectsforFinalproject/flaskbb/flaskbb/auth/services/factories.py,3
1059,reset_service_factory,/content/drive/MyDrive/ProjectsforFinalproject/flaskbb/flaskbb/auth/services/factories.py,0
1060,account_activator_factory,/content/drive/MyDrive/ProjectsforFinalproject/flaskbb/flaskbb/auth/services/factories.py,3
1061,authentication_manager_factory,/content/drive/MyDrive/ProjectsforFinalproject/flaskbb/flaskbb/auth/services/factories.py,3
1062,reauthentication_manager_factory,/content/drive/MyDrive/ProjectsforFinalproject/flaskbb/flaskbb/auth/services/factories.py,0
1071,__init__,/content/drive/MyDrive/ProjectsforFinalproject/flaskbb/flaskbb/auth/services/registration.py,0
1072,validate,/content/drive/MyDrive/ProjectsforFinalproject/flaskbb/flaskbb/auth/services/registration.py,0
1073,__init__,/content/drive/MyDrive/ProjectsforFinalproject/flaskbb/flaskbb/auth/services/registration.py,0
1074,validate,/content/drive/MyDrive/ProjectsforFinalproject/flaskbb/flaskbb/auth/services/registration.py,0
1075,__init__,/content/drive/MyDrive/ProjectsforFinalproject/flaskbb/flaskbb/auth/services/registration.py,0
1076,validate,/content/drive/MyDrive/ProjectsforFinalproject/flaskbb/flaskbb/auth/services/registration.py,1
1077,__init__,/content/drive/MyDrive/ProjectsforFinalproject/flaskbb/flaskbb/auth/services/registration.py,0
1078,post_process,/content/drive/MyDrive/ProjectsforFinalproject/flaskbb/flaskbb/auth/services/registration.py,0
1079,post_process,/content/drive/MyDrive/ProjectsforFinalproject/flaskbb/flaskbb/auth/services/registration.py,0
1080,__init__,/content/drive/MyDrive/ProjectsforFinalproject/flaskbb/flaskbb/auth/services/registration.py,0
1081,post_process,/content/drive/MyDrive/ProjectsforFinalproject/flaskbb/flaskbb/auth/services/registration.py,0
1082,__init__,/content/drive/MyDrive/ProjectsforFinalproject/flaskbb/flaskbb/auth/services/registration.py,0
1083,register,/content/drive/MyDrive/ProjectsforFinalproject/flaskbb/flaskbb/auth/services/registration.py,0
1084,_validate_registration,/content/drive/MyDrive/ProjectsforFinalproject/flaskbb/flaskbb/auth/services/registration.py,3
1085,_handle_failure,/content/drive/MyDrive/ProjectsforFinalproject/flaskbb/flaskbb/auth/services/registration.py,3
1086,_store_user,/content/drive/MyDrive/ProjectsforFinalproject/flaskbb/flaskbb/auth/services/registration.py,3
1087,_post_process,/content/drive/MyDrive/ProjectsforFinalproject/flaskbb/flaskbb/auth/services/registration.py,3
